date,W209RC1
1959-01-01,278.0
1959-02-01,279.3
1959-03-01,281.9
1959-04-01,284.4
1959-05-01,286.6
1959-06-01,288.3
1959-07-01,288.2
1959-08-01,286.2
1959-09-01,286.4
1959-10-01,287.2
1959-11-01,289.5
1959-12-01,293.9
1960-01-01,297.9
1960-02-01,298.8
1960-03-01,299.5
1960-04-01,301.2
1960-05-01,302.0
1960-06-01,302.0
1960-07-01,302.9
1960-08-01,302.4
1960-09-01,302.5
1960-10-01,303.6
1960-11-01,302.5
1960-12-01,300.2
1961-01-01,302.7
1961-02-01,302.8
1961-03-01,303.9
1961-04-01,305.1
1961-05-01,307.1
1961-06-01,309.8
1961-07-01,311.1
1961-08-01,312.7
1961-09-01,313.2
1961-10-01,316.2
1961-11-01,319.4
1961-12-01,321.2
1962-01-01,322.8
1962-02-01,325.3
1962-03-01,328.3
1962-04-01,330.8
1962-05-01,331.4
1962-06-01,332.1
1962-07-01,333.2
1962-08-01,333.7
1962-09-01,335.8
1962-10-01,336.0
1962-11-01,337.9
1962-12-01,339.1
1963-01-01,341.0
1963-02-01,342.6
1963-03-01,344.4
1963-04-01,345.1
1963-05-01,347.3
1963-06-01,350.2
1963-07-01,350.7
1963-08-01,352.4
1963-09-01,354.8
1963-10-01,357.0
1963-11-01,358.1
1963-12-01,361.1
1964-01-01,361.6
1964-02-01,366.0
1964-03-01,368.0
1964-04-01,370.4
1964-05-01,372.8
1964-06-01,374.7
1964-07-01,377.4
1964-08-01,380.4
1964-09-01,382.3
1964-10-01,382.3
1964-11-01,385.9
1964-12-01,390.1
1965-01-01,390.7
1965-02-01,393.0
1965-03-01,395.1
1965-04-01,396.9
1965-05-01,400.5
1965-06-01,402.4
1965-07-01,405.5
1965-08-01,408.3
1965-09-01,411.3
1965-10-01,416.8
1965-11-01,420.4
1965-12-01,424.1
1966-01-01,429.0
1966-02-01,433.3
1966-03-01,437.0
1966-04-01,440.9
1966-05-01,444.0
1966-06-01,448.4
1966-07-01,452.6
1966-08-01,455.9
1966-09-01,458.5
1966-10-01,461.7
1966-11-01,464.0
1966-12-01,465.7
1967-01-01,469.2
1967-02-01,469.4
1967-03-01,471.5
1967-04-01,473.5
1967-05-01,474.7
1967-06-01,478.7
1967-07-01,481.9
1967-08-01,485.8
1967-09-01,488.1
1967-10-01,490.6
1967-11-01,496.7
1967-12-01,501.4
1968-01-01,504.9
1968-02-01,511.9
1968-03-01,515.8
1968-04-01,519.0
1968-05-01,524.3
1968-06-01,528.7
1968-07-01,533.5
1968-08-01,537.6
1968-09-01,542.4
1968-10-01,545.9
1968-11-01,550.8
1968-12-01,554.3
1969-01-01,558.5
1969-02-01,561.9
1969-03-01,567.9
1969-04-01,571.8
1969-05-01,576.6
1969-06-01,581.7
1969-07-01,588.5
1969-08-01,593.8
1969-09-01,598.0
1969-10-01,601.4
1969-11-01,604.9
1969-12-01,608.5
1970-01-01,611.4
1970-02-01,614.6
1970-03-01,618.8
1970-04-01,617.4
1970-05-01,619.9
1970-06-01,623.4
1970-07-01,627.0
1970-08-01,629.0
1970-09-01,628.6
1970-10-01,627.1
1970-11-01,628.7
1970-12-01,634.3
1971-01-01,644.5
1971-02-01,647.8
1971-03-01,651.4
1971-04-01,655.0
1971-05-01,660.8
1971-06-01,663.6
1971-07-01,665.7
1971-08-01,670.3
1971-09-01,674.3
1971-10-01,676.6
1971-11-01,680.1
1971-12-01,689.9
1972-01-01,700.8
1972-02-01,709.5
1972-03-01,714.8
1972-04-01,718.4
1972-05-01,722.1
1972-06-01,726.9
1972-07-01,728.9
1972-08-01,736.0
1972-09-01,742.3
1972-10-01,752.6
1972-11-01,758.4
1972-12-01,765.3
1973-01-01,777.8
1973-02-01,786.4
1973-03-01,792.0
1973-04-01,797.8
1973-05-01,802.9
1973-06-01,809.0
1973-07-01,815.5
1973-08-01,819.3
1973-09-01,826.5
1973-10-01,834.2
1973-11-01,843.0
1973-12-01,847.9
1974-01-01,853.3
1974-02-01,858.6
1974-03-01,863.1
1974-04-01,868.6
1974-05-01,879.3
1974-06-01,887.6
1974-07-01,892.7
1974-08-01,900.0
1974-09-01,907.9
1974-10-01,915.6
1974-11-01,911.8
1974-12-01,914.1
1975-01-01,917.5
1975-02-01,916.7
1975-03-01,920.9
1975-04-01,922.6
1975-05-01,931.7
1975-06-01,939.2
1975-07-01,944.6
1975-08-01,958.4
1975-09-01,965.0
1975-10-01,974.8
1975-11-01,983.8
1975-12-01,991.5
1976-01-01,1008.0
1976-02-01,1015.4
1976-03-01,1020.7
1976-04-01,1028.6
1976-05-01,1037.0
1976-06-01,1040.9
1976-07-01,1049.1
1976-08-01,1059.5
1976-09-01,1066.5
1976-10-01,1073.2
1976-11-01,1085.9
1976-12-01,1095.3
1977-01-01,1100.2
1977-02-01,1114.0
1977-03-01,1125.6
1977-04-01,1137.1
1977-05-01,1151.1
1977-06-01,1162.6
1977-07-01,1172.7
1977-08-01,1180.1
1977-09-01,1193.6
1977-10-01,1208.7
1977-11-01,1218.1
1977-12-01,1226.1
1978-01-01,1236.6
1978-02-01,1249.2
1978-03-01,1267.0
1978-04-01,1287.6
1978-05-01,1296.8
1978-06-01,1313.1
1978-07-01,1325.4
1978-08-01,1335.9
1978-09-01,1349.3
1978-10-01,1367.2
1978-11-01,1379.3
1978-12-01,1394.0
1979-01-01,1407.7
1979-02-01,1421.4
1979-03-01,1438.5
1979-04-01,1440.5
1979-05-01,1453.5
1979-06-01,1470.3
1979-07-01,1484.6
1979-08-01,1495.6
1979-09-01,1509.9
1979-10-01,1519.9
1979-11-01,1534.6
1979-12-01,1550.3
1980-01-01,1558.9
1980-02-01,1572.9
1980-03-01,1588.9
1980-04-01,1595.0
1980-05-01,1596.1
1980-06-01,1606.4
1980-07-01,1610.5
1980-08-01,1629.9
1980-09-01,1645.4
1980-10-01,1668.4
1980-11-01,1689.8
1980-12-01,1704.7
1981-01-01,1728.2
1981-02-01,1738.2
1981-03-01,1752.5
1981-04-01,1763.7
1981-05-01,1773.1
1981-06-01,1787.4
1981-07-01,1800.7
1981-08-01,1819.1
1981-09-01,1825.4
1981-10-01,1834.8
1981-11-01,1843.4
1981-12-01,1843.8
1982-01-01,1856.3
1982-02-01,1867.5
1982-03-01,1870.2
1982-04-01,1872.6
1982-05-01,1887.6
1982-06-01,1892.9
1982-07-01,1900.2
1982-08-01,1907.6
1982-09-01,1906.5
1982-10-01,1910.7
1982-11-01,1915.8
1982-12-01,1928.0
1983-01-01,1944.9
1983-02-01,1941.7
1983-03-01,1955.0
1983-04-01,1969.5
1983-05-01,1987.2
1983-06-01,2002.2
1983-07-01,2020.3
1983-08-01,2024.6
1983-09-01,2044.0
1983-10-01,2075.6
1983-11-01,2084.1
1983-12-01,2100.8
1984-01-01,2129.5
1984-02-01,2143.6
1984-03-01,2158.4
1984-04-01,2183.8
1984-05-01,2190.1
1984-06-01,2211.5
1984-07-01,2228.9
1984-08-01,2237.7
1984-09-01,2258.2
1984-10-01,2263.0
1984-11-01,2282.5
1984-12-01,2303.2
1985-01-01,2307.5
1985-02-01,2318.9
1985-03-01,2344.2
1985-04-01,2345.5
1985-05-01,2361.6
1985-06-01,2383.9
1985-07-01,2388.0
1985-08-01,2405.7
1985-09-01,2425.5
1985-10-01,2439.9
1985-11-01,2449.8
1985-12-01,2477.4
1986-01-01,2477.3
1986-02-01,2488.5
1986-03-01,2507.5
1986-04-01,2505.6
1986-05-01,2516.2
1986-06-01,2529.9
1986-07-01,2540.6
1986-08-01,2557.2
1986-09-01,2568.0
1986-10-01,2589.9
1986-11-01,2608.0
1986-12-01,2616.3
1987-01-01,2627.3
1987-02-01,2648.6
1987-03-01,2667.4
1987-04-01,2674.8
1987-05-01,2695.3
1987-06-01,2706.0
1987-07-01,2717.7
1987-08-01,2747.9
1987-09-01,2755.2
1987-10-01,2783.9
1987-11-01,2802.8
1987-12-01,2842.0
1988-01-01,2837.9
1988-02-01,2858.7
1988-03-01,2876.1
1988-04-01,2905.6
1988-05-01,2920.6
1988-06-01,2943.2
1988-07-01,2966.0
1988-08-01,2970.3
1988-09-01,2991.3
1988-10-01,3027.9
1988-11-01,3029.2
1988-12-01,3049.2
1989-01-01,3070.5
1989-02-01,3073.3
1989-03-01,3093.4
1989-04-01,3114.2
1989-05-01,3106.4
1989-06-01,3123.1
1989-07-01,3149.1
1989-08-01,3148.8
1989-09-01,3167.2
1989-10-01,3202.7
1989-11-01,3205.6
1989-12-01,3220.9
1990-01-01,3244.0
1990-02-01,3275.8
1990-03-01,3298.5
1990-04-01,3326.0
1990-05-01,3328.1
1990-06-01,3350.0
1990-07-01,3370.7
1990-08-01,3362.7
1990-09-01,3384.2
1990-10-01,3369.6
1990-11-01,3375.1
1990-12-01,3399.8
1991-01-01,3384.4
1991-02-01,3385.2
1991-03-01,3392.9
1991-04-01,3405.2
1991-05-01,3420.9
1991-06-01,3456.7
1991-07-01,3449.4
1991-08-01,3466.7
1991-09-01,3493.6
1991-10-01,3491.7
1991-11-01,3511.5
1991-12-01,3547.7
1992-01-01,3562.8
1992-02-01,3604.9
1992-03-01,3619.4
1992-04-01,3630.8
1992-05-01,3654.3
1992-06-01,3670.6
1992-07-01,3677.8
1992-08-01,3702.1
1992-09-01,3685.7
1992-10-01,3655.0
1992-11-01,3679.9
1992-12-01,3875.8
1993-01-01,3728.2
1993-02-01,3759.8
1993-03-01,3748.7
1993-04-01,3795.9
1993-05-01,3808.5
1993-06-01,3796.2
1993-07-01,3822.5
1993-08-01,3846.2
1993-09-01,3833.6
1993-10-01,3819.4
1993-11-01,3827.3
1993-12-01,4021.0
1994-01-01,3900.6
1994-02-01,3908.2
1994-03-01,3931.4
1994-04-01,3982.1
1994-05-01,3997.0
1994-06-01,3995.6
1994-07-01,4019.3
1994-08-01,4027.4
1994-09-01,4048.5
1994-10-01,4085.9
1994-11-01,4081.2
1994-12-01,4097.2
1995-01-01,4120.1
1995-02-01,4134.6
1995-03-01,4148.7
1995-04-01,4168.4
1995-05-01,4164.1
1995-06-01,4186.1
1995-07-01,4206.6
1995-08-01,4216.9
1995-09-01,4235.7
1995-10-01,4254.4
1995-11-01,4266.7
1995-12-01,4274.9
1996-01-01,4277.4
1996-02-01,4322.5
1996-03-01,4343.6
1996-04-01,4358.3
1996-05-01,4382.8
1996-06-01,4421.4
1996-07-01,4423.9
1996-08-01,4450.4
1996-09-01,4479.4
1996-10-01,4486.6
1996-11-01,4513.8
1996-12-01,4543.1
1997-01-01,4559.2
1997-02-01,4594.0
1997-03-01,4624.1
1997-04-01,4637.7
1997-05-01,4659.1
1997-06-01,4683.1
1997-07-01,4704.5
1997-08-01,4743.9
1997-09-01,4768.1
1997-10-01,4804.5
1997-11-01,4852.7
1997-12-01,4874.8
1998-01-01,4911.3
1998-02-01,4943.9
1998-03-01,4970.8
1998-04-01,4996.5
1998-05-01,5033.8
1998-06-01,5054.6
1998-07-01,5079.6
1998-08-01,5122.8
1998-09-01,5142.2
1998-10-01,5168.4
1998-11-01,5204.7
1998-12-01,5225.1
1999-01-01,5260.3
1999-02-01,5296.0
1999-03-01,5304.6
1999-04-01,5324.2
1999-05-01,5347.7
1999-06-01,5359.8
1999-07-01,5393.6
1999-08-01,5425.9
1999-09-01,5452.4
1999-10-01,5499.1
1999-11-01,5548.0
1999-12-01,5620.6
2000-01-01,5715.4
2000-02-01,5754.4
2000-03-01,5777.7
2000-04-01,5787.5
2000-05-01,5772.2
2000-06-01,5815.5
2000-07-01,5885.2
2000-08-01,5899.1
2000-09-01,5927.5
2000-10-01,5942.1
2000-11-01,5943.7
2000-12-01,5945.3
2001-01-01,6022.6
2001-02-01,6055.4
2001-03-01,6072.4
2001-04-01,6048.8
2001-05-01,6037.4
2001-06-01,6036.5
2001-07-01,6028.8
2001-08-01,6022.9
2001-09-01,6022.0
2001-10-01,6026.2
2001-11-01,6038.8
2001-12-01,6048.4
2002-01-01,6049.0
2002-02-01,6053.6
2002-03-01,6079.7
2002-04-01,6102.8
2002-05-01,6125.6
2002-06-01,6159.0
2002-07-01,6139.8
2002-08-01,6158.1
2002-09-01,6172.8
2002-10-01,6186.5
2002-11-01,6195.3
2002-12-01,6199.2
2003-01-01,6193.0
2003-02-01,6206.5
2003-03-01,6240.0
2003-04-01,6264.7
2003-05-01,6314.7
2003-06-01,6342.5
2003-07-01,6361.1
2003-08-01,6394.2
2003-09-01,6425.8
2003-10-01,6471.3
2003-11-01,6515.9
2003-12-01,6513.5
2004-01-01,6526.5
2004-02-01,6533.5
2004-03-01,6563.8
2004-04-01,6610.4
2004-05-01,6684.2
2004-06-01,6710.8
2004-07-01,6769.7
2004-08-01,6809.3
2004-09-01,6832.1
2004-10-01,6855.5
2004-11-01,6854.9
2004-12-01,6883.1
2005-01-01,6908.8
2005-02-01,6929.1
2005-03-01,6940.9
2005-04-01,6979.2
2005-05-01,7002.5
2005-06-01,7035.0
2005-07-01,7096.4
2005-08-01,7118.8
2005-09-01,7152.7
2005-10-01,7187.7
2005-11-01,7208.7
2005-12-01,7233.4
2006-01-01,7334.4
2006-02-01,7390.2
2006-03-01,7414.6
2006-04-01,7439.8
2006-05-01,7411.1
2006-06-01,7433.1
2006-07-01,7463.8
2006-08-01,7479.7
2006-09-01,7518.5
2006-10-01,7562.1
2006-11-01,7614.0
2006-12-01,7694.8
2007-01-01,7759.5
2007-02-01,7814.2
2007-03-01,7844.2
2007-04-01,7840.6
2007-05-01,7837.3
2007-06-01,7857.6
2007-07-01,7872.8
2007-08-01,7868.1
2007-09-01,7914.7
2007-10-01,7928.4
2007-11-01,7978.7
2007-12-01,8025.6
2008-01-01,8029.8
2008-02-01,8052.1
2008-03-01,8082.7
2008-04-01,8050.7
2008-05-01,8054.9
2008-06-01,8059.1
2008-07-01,8057.7
2008-08-01,8078.5
2008-09-01,8087.0
2008-10-01,8110.4
2008-11-01,8065.8
2008-12-01,7953.2
2009-01-01,7796.8
2009-02-01,7715.0
2009-03-01,7679.3
2009-04-01,7740.9
2009-05-01,7772.3
2009-06-01,7772.7
2009-07-01,7746.0
2009-08-01,7747.5
2009-09-01,7746.1
2009-10-01,7773.0
2009-11-01,7808.2
2009-12-01,7810.5
2010-01-01,7778.9
2010-02-01,7744.2
2010-03-01,7779.8
2010-04-01,7860.2
2010-05-01,7935.6
2010-06-01,7936.1
2010-07-01,7967.3
2010-08-01,7988.1
2010-09-01,7991.3
2010-10-01,8023.5
2010-11-01,8028.3
2010-12-01,8071.2
2011-01-01,8142.9
2011-02-01,8180.1
2011-03-01,8187.2
2011-04-01,8191.1
2011-05-01,8196.8
2011-06-01,8231.4
2011-07-01,8302.2
2011-08-01,8286.4
2011-09-01,8273.3
2011-10-01,8232.6
2011-11-01,8206.1
2011-12-01,8284.0
2012-01-01,8396.6
2012-02-01,8469.4
2012-03-01,8503.2
2012-04-01,8517.6
2012-05-01,8488.5
2012-06-01,8505.2
2012-07-01,8496.0
2012-08-01,8525.0
2012-09-01,8617.3
2012-10-01,8659.8
2012-11-01,8760.7
2012-12-01,8869.1
2013-01-01,8730.8
2013-02-01,8729.5
2013-03-01,8737.5
2013-04-01,8781.0
2013-05-01,8825.3
2013-06-01,8852.4
2013-07-01,8821.4
2013-08-01,8846.4
2013-09-01,8868.9
2013-10-01,8887.3
2013-11-01,8946.2
2013-12-01,8993.8
2014-01-01,9062.4
2014-02-01,9116.6
2014-03-01,9163.7
2014-04-01,9159.9
2014-05-01,9166.3
2014-06-01,9191.2
2014-07-01,9228.9
2014-08-01,9285.6
2014-09-01,9327.3
2014-10-01,9375.3
2014-11-01,9439.6
2014-12-01,9485.8
2015-01-01,9529.1
2015-02-01,9570.8
2015-03-01,9591.7
2015-04-01,9625.5
2015-05-01,9677.2
2015-06-01,9695.8
2015-07-01,9729.6
2015-08-01,9757.6
2015-09-01,9768.0
2015-10-01,9802.5
2015-11-01,9811.2
2015-12-01,9834.2
2016-01-01,9849.6
2016-02-01,9842.5
2016-03-01,9862.9
2016-04-01,9890.4
2016-05-01,9895.5
2016-06-01,9929.8
2016-07-01,9978.0
2016-08-01,9983.8
2016-09-01,10033.7
2016-10-01,10078.3
2016-11-01,10103.3
2016-12-01,10145.6
2017-01-01,10194.7
2017-02-01,10231.8
2017-03-01,10246.4
2017-04-01,10298.0
2017-05-01,10329.4
2017-06-01,10380.3
2017-07-01,10432.2
2017-08-01,10467.8
2017-09-01,10535.1
2017-10-01,10595.6
2017-11-01,10666.5
2017-12-01,10714.7
2018-01-01,10761.1
2018-02-01,10779.9
2018-03-01,10808.1
2018-04-01,10850.5
2018-05-01,10883.9
2018-06-01,10938.7
2018-07-01,10999.4
2018-08-01,11056.3
2018-09-01,11070.4
2018-10-01,11074.3
2018-11-01,11097.2
2018-12-01,11169.0
2019-01-01,11266.3
2019-02-01,11326.4
2019-03-01,11394.7
2019-04-01,11388.4
2019-05-01,11375.5
2019-06-01,11402.8
2019-07-01,11402.7
2019-08-01,11463.5
2019-09-01,11492.9
2019-10-01,11576.8
2019-11-01,11635.5
2019-12-01,11633.8
2020-01-01,11800.2
2020-02-01,11898.8
2020-03-01,11640.4
2020-04-01,10710.1
2020-05-01,11070.8
2020-06-01,11375.2
2020-07-01,11466.1
2020-08-01,11579.4
2020-09-01,11665.6
2020-10-01,11886.1
2020-11-01,12013.7
2020-12-01,12071.4
2021-01-01,12104.0
2021-02-01,12046.9
2021-03-01,12117.7
2021-04-01,12284.2
2021-05-01,12405.3
2021-06-01,12522.2
2021-07-01,12639.6
2021-08-01,12692.0
2021-09-01,12779.7
2021-10-01,12934.8
2021-11-01,13042.9
2021-12-01,13131.3
2022-01-01,13116.2
2022-02-01,13187.2
2022-03-01,13233.4
2022-04-01,13252.7
2022-05-01,13289.7
2022-06-01,13339.0
2022-07-01,13517.9
2022-08-01,13608.2
2022-09-01,13708.8
2022-10-01,13686.5
2022-11-01,13681.9
2022-12-01,13699.1
2023-01-01,13839.4
2023-02-01,13889.9
2023-03-01,13935.7
2023-04-01,14016.0
2023-05-01,14083.8
2023-06-01,14177.7
2023-07-01,14268.0
2023-08-01,14337.4
2023-09-01,14398.0
2023-10-01,14438.8
2023-11-01,14515.8
2023-12-01,14588.2
2024-01-01,14637.0
2024-02-01,14749.2
2024-03-01,14832.8
2024-04-01,14874.9
2024-05-01,14962.0
2024-06-01,14994.1
2024-07-01,15046.0
2024-08-01,15123.9
2024-09-01,15177.3
2024-10-01,15241.8
2024-11-01,15315.6
2024-12-01,15370.0
2025-01-01,15431.6
2025-02-01,15509.4
2025-03-01,15591.7
2025-04-01,15599.9
2025-05-01,15615.2
2025-06-01,15615.8
2025-07-01,15758.1
2025-08-01,15841.3
2025-09-01,15911.2
2025-10-01,15920.7
2025-11-01,15960.8
2025-12-01,15967.1
2026-01-01,16046.3
2026-02-01,16068.1
2026-03-01,16133.1
2026-04-01,16178.4
2026-05-01,16234.0
2026-06-01,16260.4
2026-07-01,16307.2
